ID_cliente,nombre,apellido_paterno,apellido_materno,cedula,pasaporte,telefono,correo
1,Fernando,Martinez,Rodriguez,45119518,A3542D,+59194225544,f.martinez@hotmail.com
2,Paula,Paulos,Chirinos,39557854,B4512L,+59892147756,m.paul.34@gmail.com
3,Mauricio,Quintero,Diaz,65124897,A3445D,+59895126648,q.m.1987@hotmail.com
4,Fernanda,Masias,Rosinelli,49875895,B8265G,+59695156347,f.masias@hotmail.com
5,Camila,Alvarez,Cueva,71139582,K3445L,+59199426611,camila_24@hotmail.com
6,Patricio,Vitale,Hoyos,70953687,A3446B,+59899441251,vitale.p@gmail.com
7,Mariana,Hoyos,Saavedra,64119857,A3455L,+596991754369,marianita@gmail.com
8,Katherine,Romero,Soto,70149547,K4524L,+59199127645,kath.r.18@hotmail.com
9,Andres,Quintero,Roca,45119452,A9542D,+598999215948,andres_69@gmail.com
10,Felipe,Guerrero,Perez,71985426,K6445L,+59195166743,guerrero.265@hotmail.com
11,Bethany,Brixey,Basford,45119518,A3542D,391-657-4163,bbasford0@nyu.edu
12,Hershel,Rosewall,Murrish,45119518,A3542D,171-220-7680,hmurrish1@shop-pro.jp
13,Cullan,Mauger,Ubsdell,45119518,A3542D,848-171-8384,cubsdell2@omniture.com
14,Lindsay,Molden,Domico,45119518,A3542D,307-967-1883,ldomico3@indiegogo.com
15,Brnaba,Beckinsale,Marchant,45119518,A3542D,670-759-7461,bmarchant4@altervista.org
16,Cherin,Flowers,Nussey,45119518,A3542D,686-182-9580,cnussey5@blogspot.com
17,Margery,Frammingham,Kosel,45119518,A3542D,428-533-7300,mkosel6@skype.com
18,Malynda,Gallety,Trump,45119518,A3542D,249-545-2790,mtrump7@live.com
19,Ardelis,Joost,Jelf,45119518,A3542D,544-550-9514,ajelf8@prlog.org
20,Dena,Lamy,Duffer,45119518,A3542D,207-862-2916,dduffer9@typepad.com
21,Gamaliel,Streather,Bruggen,45119518,A3542D,880-581-7766,gbruggena@jalbum.net
22,Lauren,Westnedge,L'Hommeau,45119518,A3542D,122-991-3794,llhommeaub@rambler.ru
23,Daniella,Arrighetti,Heard,45119518,A3542D,823-116-0519,dheardc@linkedin.com
24,Daphene,Neylon,Pauwel,45119518,A3542D,930-207-0733,dpauweld@smugmug.com
25,Mart,Scruby,Orrocks,45119518,A3542D,416-972-9630,morrockse@ameblo.jp
26,Gaelan,Clemanceau,Stilly,45119518,A3542D,202-834-0901,gstillyf@jugem.jp
27,Josiah,Buckam,Bedder,45119518,A3542D,233-636-9681,jbedderg@php.net
28,Jerry,Duffitt,Covill,45119518,A3542D,606-312-7815,jcovillh@etsy.com
29,Dimitri,Guille,Arter,45119518,A3542D,354-341-3097,darteri@europa.eu
30,Ambrosius,Horlick,Josselsohn,45119518,A3542D,133-449-6929,ajosselsohnj@360.cn
31,Cris,Channer,Deabill,45119518,A3542D,166-596-9033,cdeabillk@geocities.com
32,Anderea,Dawes,Primarolo,45119518,A3542D,380-540-5502,aprimarolol@weibo.com
33,Stanford,Fateley,Wogdon,45119518,A3542D,617-292-0136,swogdonm@abc.net.au
34,Francklyn,McEvilly,Jantzen,45119518,A3542D,959-357-3760,fjantzenn@mysql.com
35,Rabbi,Rydzynski,Laddle,45119518,A3542D,237-678-5232,rladdleo@usgs.gov
36,Tedman,Eschelle,Maliphant,45119518,A3542D,671-674-5452,tmaliphantp@cnn.com
37,Manda,Crumbie,Paudin,45119518,A3542D,247-707-3179,mpaudinq@imdb.com
38,Britte,Wandrey,Myrie,45119518,A3542D,838-919-0823,bmyrier@feedburner.com
39,Rowen,Beauchamp,Farquhar,45119518,A3542D,688-118-8351,rfarquhars@usnews.com
40,Emmey,Pryell,Tewkesbury,45119518,A3542D,904-148-7237,etewkesburyt@cornell.edu
41,Dedie,Trahar,McJury,45119518,A3542D,161-413-6413,dmcjuryu@umich.edu
42,Rorie,Bowdon,Wibberley,45119518,A3542D,414-798-5102,rwibberleyv@reverbnation.com
43,Radcliffe,Millar,Bearward,45119518,A3542D,536-574-9894,rbearwardw@mashable.com
44,Penn,Palser,Cudmore,45119518,A3542D,438-659-3372,pcudmorex@sogou.com
45,Bentley,Allden,Bushrod,45119518,A3542D,181-627-9656,bbushrody@woothemes.com
46,Karlan,Ead,Eadon,45119518,A3542D,955-200-8241,keadonz@ibm.com
47,Francisca,Carles,Oda,45119518,A3542D,789-399-6720,foda10@uiuc.edu
48,Luce,Packman,Largen,45119518,A3542D,183-106-7399,llargen11@jimdo.com
49,Olive,Dallimare,Chugg,45119518,A3542D,268-227-5094,ochugg12@prweb.com
50,Bel,Spalding,Mantram,45119518,A3542D,345-360-1062,bmantram13@i2i.jp
51,Elizabet,Hackwell,Hyatt,45119518,A3542D,196-590-3002,ehyatt14@diigo.com
52,Keelia,Bellworthy,Mushart,45119518,A3542D,413-758-9128,kmushart15@digg.com
53,Godfry,Lyle,Strathe,45119518,A3542D,396-929-6829,gstrathe16@amazon.com
54,Rory,Antoniottii,Morforth,45119518,A3542D,180-184-4214,rmorforth17@sakura.ne.jp
55,Yule,Bineham,Montfort,45119518,A3542D,626-568-5287,ymontfort18@odnoklassniki.ru
56,Concordia,McWhirter,Allderidge,45119518,A3542D,802-669-2725,callderidge19@canalblog.com
57,Tully,Mishaw,Scargill,45119518,A3542D,751-780-1912,tscargill1a@tinyurl.com
58,Sterne,Yakushkev,Mossbee,45119518,A3542D,142-279-3761,smossbee1b@ovh.net
59,Hallsy,Lingley,Scudamore,45119518,A3542D,942-913-7958,hscudamore1c@cbsnews.com
60,Nessie,Minshall,Flounders,45119518,A3542D,561-192-3803,nflounders1d@indiatimes.com
61,Channa,Durban,Whyard,45119518,A3542D,778-266-2191,cwhyard1e@timesonline.co.uk
62,Trefor,Stucksbury,Gorgen,45119518,A3542D,559-394-0209,tgorgen1f@tinyurl.com
63,Niel,Scotter,Rohlf,45119518,A3542D,259-882-4096,nrohlf1g@elegantthemes.com
64,Haze,Bedells,Flaune,45119518,A3542D,200-445-5944,hflaune1h@japanpost.jp
65,Alphonse,Dowyer,"De Angelis",45119518,A3542D,935-625-0929,adeangelis1i@sfgate.com
66,Lois,Blaxley,Maleney,45119518,A3542D,274-906-2482,lmaleney1j@wordpress.com
67,Steffane,Nuemann,Stoltz,45119518,A3542D,200-656-8728,sstoltz1k@patch.com
68,Timmy,Seawell,Doolan,45119518,A3542D,479-356-9137,tdoolan1l@youku.com
69,Hortensia,Breache,Isham,45119518,A3542D,805-720-1941,hisham1m@t.co
70,Karly,Renac,Gormally,45119518,A3542D,922-615-3038,kgormally1n@mapquest.com
71,Bree,Lindsey,Jeduch,45119518,A3542D,989-585-6844,bjeduch1o@phpbb.com
72,Joelynn,Pavkovic,Colvin,45119518,A3542D,418-717-8599,jcolvin1p@issuu.com
73,Etan,Galland,Budgen,45119518,A3542D,785-468-2152,ebudgen1q@bigcartel.com
74,Lolly,Grzelewski,Hug,45119518,A3542D,637-445-2578,lhug1r@wisc.edu
75,Valaria,Binge,Orhtmann,45119518,A3542D,566-249-6582,vorhtmann1s@pinterest.com
76,Grace,Merwede,Marsters,45119518,A3542D,776-182-7040,gmarsters1t@theguardian.com
77,Jobie,Meake,Wadforth,45119518,A3542D,744-661-3343,jwadforth1u@tumblr.com
78,Farra,Esson,Woodman,45119518,A3542D,722-272-8671,fwoodman1v@naver.com
79,Hanan,Delooze,Phillot,45119518,A3542D,648-628-5009,hphillot1w@hao123.com
80,Rafaello,Chatburn,Lipyeat,45119518,A3542D,830-850-5186,rlipyeat1x@archive.org
81,Aloisia,Samworth,Juckes,45119518,A3542D,360-106-3524,ajuckes1y@wordpress.com
82,Erastus,Cullington,Ciani,45119518,A3542D,723-326-5734,eciani1z@jimdo.com
83,Junia,O'Reilly,Hardwin,45119518,A3542D,954-499-5835,jhardwin20@fema.gov
84,Byram,Wheelwright,Prattington,45119518,A3542D,593-137-8727,bprattington21@goo.gl
85,Mitchael,Alvar,Lucock,45119518,A3542D,714-551-4479,mlucock22@intel.com
86,Elwira,"Du Pre",Duiged,45119518,A3542D,411-432-9957,eduiged23@weather.com
87,Marisa,Speachley,Braybrook,45119518,A3542D,598-614-8426,mbraybrook24@a8.net
88,Bobbie,Wrightim,Larwood,45119518,A3542D,196-456-5946,blarwood25@house.gov
89,Silvester,Lobbe,Haslock(e),45119518,A3542D,752-961-8233,shaslocke26@jalbum.net
90,Lissi,Covolini,Coulthurst,45119518,A3542D,526-148-8375,lcoulthurst27@nbcnews.com
91,Kelly,Francia,Rivera,70139247,K125L,+591999851236,k_sk@gmail.com
